rank,id,street,district,heat_pixel,nearest_counter,distance_m,heat_score,proximity_score,signal
1,vbx_56561,Place Rouppe 11,STALINGRAD,88.0,CB2105,509.8,100.0,66.779,86.712
2,vbx_56558,Place Rouppe 10,STALINGRAD,87.0,CB2105,514.4,97.297,66.475,84.968
3,vbx_56544,Avenue de Stalingrad 106,STALINGRAD,81.0,CB2105,176.2,81.081,88.869,84.196
4,vbx_56550,Rue du Midi 177,STALINGRAD,86.0,CB2105,489.9,94.595,68.097,83.996
5,vbx_56554,Rue du Midi 177,STALINGRAD,86.0,CB2105,507.3,94.595,66.945,83.535
6,vbx_56557,Place Rouppe 1,STALINGRAD,84.0,CB2105,477.2,89.189,68.938,81.089
7,vbx_56567,Place Rouppe 4,STALINGRAD,84.0,CB2105,500.1,89.189,67.422,80.482
8,vbx_56573,Place Rouppe 18,STALINGRAD,81.0,CB2105,471.5,81.081,69.315,76.375
9,vbx_56571,Place Rouppe 17,STALINGRAD,79.0,CB2105,484.7,75.676,68.441,72.782
10,vbx_56818,Rue Franklin 68,SQUARES,78.0,CB1142,640.2,72.973,58.145,67.042
11,vbx_56840,Rue Franklin 138,SQUARES,81.0,CB1142,860.7,81.081,43.544,66.066
12,vbx_56845,Square Marguerite 29,SQUARES,78.0,CB1142,682.1,72.973,55.37,65.932
13,vbx_56803,Rue Franklin 21,SQUARES,73.0,CB1142,446.5,59.459,70.971,64.064
14,vbx_56848,Rue Véronèse 22,SQUARES,76.0,CB1142,683.1,67.568,55.304,62.662
15,vbx_56765,Square Ambiorix 28,SQUARES,73.0,CB1142,500.5,59.459,67.395,62.633
16,vbx_56789,Rue Archimède 77,SQUARES,71.0,CB1142,409.6,54.054,73.414,61.798
17,vbx_56839,Rue Franklin 134,SQUARES,78.0,CB1142,843.5,72.973,44.683,61.657
18,vbx_56769,Rue Archimède 62,SQUARES,71.0,CB1142,425.6,54.054,72.355,61.374
19,vbx_56811,Rue Franklin 37,SQUARES,72.0,CB1142,492.6,56.757,67.918,61.221
20,vbx_56681,Rue Luther 22,SQUARES,78.0,CB1142,868.2,72.973,43.047,61.003
21,vbx_56751,Avenue Michel-Ange 80,SQUARES,73.0,CB1143,565.0,59.459,63.124,60.925
22,vbx_56714,Avenue Michel-Ange 30,SQUARES,72.0,CB1142,514.9,56.757,66.442,60.631
23,vbx_56706,Avenue Michel-Ange 45,SQUARES,72.0,CB1142,515.1,56.757,66.428,60.625
24,vbx_56685,Rue de l'Abdication 1,SQUARES,78.0,CB1142,886.1,72.973,41.862,60.529
25,vbx_56676,Rue Luther 8,SQUARES,77.0,CB1142,825.8,70.27,45.855,60.504
26,vbx_56807,Rue Franklin 31,SQUARES,71.0,CB1142,476.5,54.054,68.984,60.026
27,vbx_56755,Avenue Michel-Ange 70,SQUARES,72.0,CB1143,553.7,56.757,63.872,59.603
28,vbx_56846,Rue Véronèse 19A,SQUARES,74.0,CB1142,678.9,62.162,55.582,59.53
29,vbx_56753,Avenue Michel-Ange 74,SQUARES,72.0,CB1143,559.3,56.757,63.502,59.455
30,vbx_56672,Rue Luther 23,SQUARES,77.0,CB1142,871.8,70.27,42.809,59.286
31,vbx_56761,Avenue Michel-Ange 53,SQUARES,71.0,CB1142,527.2,54.054,65.627,58.683
32,vbx_56692,Avenue Michel-Ange 13,SQUARES,70.0,CB1142,499.9,51.351,67.435,57.785
33,vbx_56873,Chaussée d'Etterbeek 50,QUARTIER EUROPEEN,62.0,CB1143,26.1,29.73,98.808,57.361
34,vbx_56622,Boulevard de Dixmude 20,BEGUINAGE - DIXMUDE,70.0,CJM90,528.7,51.351,65.528,57.022
35,vbx_56843,Rue Franklin 154,SQUARES,76.0,CB1142,905.2,67.568,40.597,56.78
36,vbx_56635,Boulevard de Dixmude 8,BEGUINAGE - DIXMUDE,69.0,CJM90,491.2,48.649,68.011,56.394
37,vbx_56876,Chaussée d'Etterbeek 50,QUARTIER EUROPEEN,61.0,CB1142,8.1,27.027,100.0,56.216
38,vbx_56653,Boulevard de Dixmude 21,BEGUINAGE - DIXMUDE,68.0,CJM90,439.8,45.946,71.414,56.133
39,vbx_56748,Avenue Michel-Ange 86,SQUARES,70.0,CB1143,574.2,51.351,62.515,55.817
40,vbx_56625,Boulevard de Dixmude 18,BEGUINAGE - DIXMUDE,69.0,CJM90,522.1,48.649,65.965,55.575
41,vbx_56870,Rue de la Loi 170,QUARTIER EUROPEEN,61.0,CB1142,33.8,27.027,98.298,55.535
42,vbx_56837,Rue Franklin 135,SQUARES,74.0,CB1142,830.7,62.162,45.53,55.509
43,vbx_56643,Boulevard de Dixmude 27,BEGUINAGE - DIXMUDE,68.0,CJM90,464.0,45.946,69.812,55.492
44,vbx_56856,Rue Joseph II 114,QUARTIER EUROPEEN,62.0,CB1142,102.7,29.73,93.736,55.332
45,vbx_56587,Boulevard de Dixmude 9,BEGUINAGE - DIXMUDE,67.0,CJM90,411.3,43.243,73.302,55.267
46,vbx_58578,Rue de la Loi 5,QUARTIER ROYAL,63.0,CB1101,172.3,32.432,89.127,55.11
47,vbx_56739,Avenue Michel-Ange 73,SQUARES,69.0,CB1143,545.9,48.649,64.389,54.945
48,vbx_56637,Boulevard de Dixmude 6,BEGUINAGE - DIXMUDE,68.0,CJM90,485.3,45.946,68.402,54.928
49,vbx_56696,Avenue Michel-Ange 17,SQUARES,68.0,CB1142,500.7,45.946,67.382,54.52
50,vbx_56610,Boulevard de Dixmude 45,BEGUINAGE - DIXMUDE,69.0,CJM90,564.6,48.649,63.151,54.45
51,vbx_56620,Boulevard de Dixmude 45,BEGUINAGE - DIXMUDE,69.0,CJM90,570.6,48.649,62.753,54.291
52,vbx_56619,Boulevard d'Ypres 35,BEGUINAGE - DIXMUDE,69.0,CJM90,573.4,48.649,62.568,54.217
53,vbx_56605,Boulevard de Dixmude 30,BEGUINAGE - DIXMUDE,69.0,CJM90,591.4,48.649,61.376,53.74
54,vbx_56733,Avenue Michel-Ange 59,SQUARES,68.0,CB1142,532.7,45.946,65.263,53.673
55,vbx_56735,Avenue Michel-Ange 65,SQUARES,68.0,CB1143,538.5,45.946,64.879,53.519
56,vbx_56738,Avenue Michel-Ange 69,SQUARES,68.0,CB1143,543.4,45.946,64.554,53.389
57,vbx_56741,Avenue Michel-Ange 77,SQUARES,68.0,CB1143,552.7,45.946,63.939,53.143
58,vbx_56852,Rue Joseph II 124,QUARTIER EUROPEEN,60.0,CB1142,67.3,24.324,96.08,53.026
59,vbx_58576,Rue Ducale 47,QUARTIER ROYAL,61.0,CB1101,168.5,27.027,89.379,51.968
60,vbx_56604,Boulevard de Dixmude 65,BEGUINAGE - DIXMUDE,68.0,CJM90,608.6,45.946,60.237,51.662
61,vbx_56596,Boulevard de Dixmude 71,BEGUINAGE - DIXMUDE,68.0,CJM90,633.3,45.946,58.602,51.008
62,vbx_58524,,QUARTIER ROYAL,65.0,CB1101,450.7,37.838,70.693,50.98
63,vbx_56593,Quai du Commerce 50,BEGUINAGE - DIXMUDE,68.0,CJM90,652.3,45.946,57.343,50.505
64,vbx_58580,Rue de la Loi 16,QUARTIER ROYAL,60.0,CB1101,174.3,24.324,88.995,50.192
65,vbx_58582,Rue de la Loi 3,QUARTIER ROYAL,60.0,CB1101,197.2,24.324,87.478,49.586
66,vbx_56665,Rue Luther 42,SQUARES,72.0,CB1142,950.0,56.757,37.631,49.107
67,vbx_56592,Quai du Commerce 50,BEGUINAGE - DIXMUDE,67.0,CJM90,658.2,43.243,56.953,48.727
68,vbx_58570,Rue de la Loi 5,QUARTIER ROYAL,59.0,CB1101,183.6,21.622,88.379,48.325
69,vbx_58567,Rue de la Loi 5,QUARTIER ROYAL,59.0,CB1101,192.1,21.622,87.816,48.1
70,vbx_56666,Rue Luther 44,SQUARES,71.0,CB1142,957.2,54.054,37.154,47.294
71,vbx_58453,Rue de la Loi 1,QUARTIER ROYAL,58.0,CB1101,278.0,18.919,82.128,44.203
72,vbx_58421,,QUARTIER ROYAL,57.0,CB1101,238.1,16.216,84.77,43.638
73,vbx_58429,,QUARTIER ROYAL,57.0,CB1101,266.6,16.216,82.883,42.883
74,vbx_58451,Rue de la Loi 1,QUARTIER ROYAL,57.0,CB1101,278.1,16.216,82.122,42.578
75,vbx_58494,Rue Ducale 21,QUARTIER ROYAL,56.0,CB1101,244.2,13.514,84.366,41.855
76,vbx_58493,,QUARTIER ROYAL,56.0,CB1101,244.5,13.514,84.346,41.847
77,vbx_58444,Rue de la Loi 1,QUARTIER ROYAL,56.0,CB1101,254.9,13.514,83.658,41.572
78,vbx_58435,,QUARTIER ROYAL,56.0,CB1101,280.6,13.514,81.956,40.891
79,vbx_56669,Rue Luther 52,SQUARES,67.0,CB1142,977.9,43.243,35.783,40.259
80,vbx_58495,,QUARTIER ROYAL,55.0,CB1101,267.9,10.811,82.797,39.605
81,vbx_58496,,QUARTIER ROYAL,55.0,CB1101,279.0,10.811,82.062,39.311
82,vbx_58428,,QUARTIER ROYAL,55.0,CB1101,285.5,10.811,81.632,39.139
83,vbx_58498,,QUARTIER ROYAL,54.0,CB1101,290.6,8.108,81.294,37.382
84,vbx_58507,,QUARTIER ROYAL,54.0,CB1101,293.4,8.108,81.108,37.308
85,vbx_58413,Rue des Faînes 145,HEEMBEEK,74.0,CB02411,1518.3,62.162,0.0,37.297
86,vbx_58462,,QUARTIER ROYAL,55.0,CB1101,362.4,10.811,76.54,37.103
87,vbx_58488,Rue Royale 70,QUARTIER ROYAL,56.0,CB1101,437.0,13.514,71.6,36.748
88,vbx_58411,Rue des Faînes 153,HEEMBEEK,73.0,CB02411,1499.7,59.459,1.232,36.168
89,vbx_58466,,QUARTIER ROYAL,54.0,CB1101,352.9,8.108,77.169,35.732
90,vbx_58502,,QUARTIER ROYAL,53.0,CB1101,327.0,5.405,78.884,34.797
91,vbx_58539,,QUARTIER ROYAL,53.0,CB1101,355.4,5.405,77.003,34.044
92,vbx_58485,,QUARTIER ROYAL,54.0,CB1101,425.7,8.108,72.348,33.804
93,vbx_58471,,QUARTIER ROYAL,54.0,CB1101,438.6,8.108,71.494,33.462
94,vbx_58503,,QUARTIER ROYAL,52.0,CB1101,319.1,2.703,79.407,33.385
95,vbx_58517,,QUARTIER ROYAL,55.0,CB1101,505.9,10.811,67.037,33.301
96,vbx_58519,,QUARTIER ROYAL,54.0,CB1101,453.2,8.108,70.527,33.076
97,vbx_58518,,QUARTIER ROYAL,54.0,CB1101,460.9,8.108,70.017,32.872
98,vbx_58544,,QUARTIER ROYAL,51.0,CB1101,374.0,0.0,75.771,30.308
99,vbx_58583,,QUARTIER ROYAL,52.0,CB1101,458.2,2.703,70.196,29.7
100,vbx_58589,Rue du Rubis 3,HEYSEL,59.0,CJE181,1498.2,21.622,1.331,13.506
